[
{
"kind": "marker",
"id": 2,
"lat": 42.8092,
"lng": 81.9372,
"groups": ["groupA","groupC"],
"content": "<p>awesome text here</p>",
"start": {"year":2014, "month":3, "day":17 },
"end":  {"year":2015, "month":3, "day":17 }
},
{
"kind": "marker",
"id": 3,
"lat": 41.8092,
"lng": 81.9372,
"groups": ["groupA","groupC"],
"content": "<p>awesome text here</p>",
"start": {"year":2014, "month":3, "day":17 },
"end":  {"year":2015, "month":3, "day":17 }
},
{
"kind": "marker",
"id": 11,
"lat": 40.8092,
"lng": 81.9372,
"groups": ["groupA","groupC"],
"content": "<p>wooster</p>",
"start": {"year":1900, "month":3, "day":17 },
"end":  {"year":1930, "month":3, "day":17 }
},
{
"kind": "marker",
"id": 7,
"lat": 10.8092,
"lng": 81.9372,
"groups": ["groupA","groupC"],
"content": "<p>awesome text here</p>",
"start": {"year":2014, "month":3, "day":17 },
"end":  {"year":2015, "month":3, "day":17 }
},
{
"kind": "marker",
"id": 4,
"lat": 40.8092,
"lng": 81.9372,
"groups": ["groupC"],
"content": "<p>awesome text here</p>",
"start": {"year":2004, "month":2, "day":17 },
"end":  {"year":2015, "month":3, "day":17 }
}
]
